{"cameraMode":{"drawMode":0,"name":"Shaded","section":"Shading Mode"},"sceneLighting":true,"audioPlay":false,"sceneViewState":{"m_AlwaysRefresh":false,"showFog":true,"showSkybox":true,"showFlares":true,"showImageEffects":true,"showParticleSystems":true,"showVisualEffectGraphs":true,"m_FxEnabled":true},"in2DMode":false,"pivot":{"x":685.5914916992188,"y":1200.2886962890625,"z":6.029327392578125},"rotation":{"x":-0.02280707284808159,"y":0.008095192722976208,"z":-0.0001845501974457875,"w":-0.9997177124023438},"size":1008.2568969726563,"orthographic":false}