{"cameraMode":{"drawMode":0,"name":"Shaded","section":"Shading Mode"},"sceneLighting":false,"audioPlay":false,"sceneViewState":{"m_AlwaysRefresh":false,"showFog":true,"showSkybox":false,"showFlares":true,"showImageEffects":true,"showParticleSystems":true,"showVisualEffectGraphs":true,"m_FxEnabled":true},"in2DMode":false,"pivot":{"x":0.5835028290748596,"y":0.6542155146598816,"z":0.7457463145256043},"rotation":{"x":0.03446977213025093,"y":0.5529756546020508,"z":-0.022904837504029275,"w":0.8321694135665894},"size":1.8118040561676026,"orthographic":false}